Date,Time,Name,Buy/Sell,Order,Exchange,Segment,Quantity/Lot,Trade Price,Trade Value,Status
2026-12-29,10:00:00,NIFTY 01 JAN 24000 CALL,SELL,INTRADAY,NSE,Derivative,75,95.00,7125.00,Traded
2026-12-28,10:00:00,NIFTY 01 JAN 24000 CALL,BUY,INTRADAY,NSE,Derivative,75,88.40,6630.00,Traded
2026-07-03,10:00:00,CRUDEOILM 17 JUL 5100 CALL,BUY,INTRADAY,MCX,Commodity,10,100.00,1000.00,Cancelled
2026-07-02,10:00:00,NOT A CONTRACT,BUY,INTRADAY,NSE,Derivative,10,100.00,1000.00,Traded
2026-07-01,10:30:00,CRUDEOILM 17 JUL 5000 CALL,SELL,INTRADAY,MCX,Commodity,40,130.00,5200.00,Traded
2026-07-01,10:05:00,CRUDEOILM 17 JUL 5000 CALL,BUY,INTRADAY,MCX,Commodity,30,120.00,3600.00,Traded
2026-07-01,10:00:00,CRUDEOILM 17 JUL 5000 CALL,BUY,INTRADAY,MCX,Commodity,10,100.00,1000.00,Traded
2026-06-12,10:30:00,CRUDEOIL 17 JUN 6200 CALL,BUY,INTRADAY,MCX,Commodity,10,25.00,250.00,Traded
2026-06-12,10:00:00,CRUDEOIL 17 JUN 6200 CALL,SELL,INTRADAY,MCX,Commodity,10,30.00,300.00,Traded
2026-06-11,10:20:00,CRUDEOIL 17 JUN 6100 PUT,SELL,INTRADAY,MCX,Commodity,25,45.00,1125.00,Traded
2026-06-11,10:00:00,CRUDEOIL 17 JUN 6100 PUT,BUY,INTRADAY,MCX,Commodity,10,40.00,400.00,Traded
2026-06-10,10:15:00,CRUDEOIL 17 JUN 6000 CALL,SELL,INTRADAY,MCX,Commodity,40,55.00,2200.00,Traded
2026-06-10,10:00:00,CRUDEOIL 17 JUN 6000 CALL,BUY,INTRADAY,MCX,Commodity,100,50.00,5000.00,Traded
2026-05-12,11:30:00,CRUDEOILM 14 MAY 5600 PUT,SELL,INTRADAY,MCX,Commodity,30,160.00,4800.00,Traded
2026-05-12,11:00:00,CRUDEOILM 14 MAY 5600 PUT,BUY,INTRADAY,MCX,Commodity,30,153.18,4595.50,Traded
2026-05-12,10:30:00,CRUDEOILM 14 MAY 5500 CALL,SELL,INTRADAY,MCX,Commodity,10,120.00,1200.00,Traded
2026-05-12,10:00:00,CRUDEOILM 14 MAY 5500 CALL,BUY,INTRADAY,MCX,Commodity,10,100.00,1000.00,Traded
2026-02-06,10:00:00,RELIANCE,SELL,DELIVERY,NSE,Equity,10,2600.00,26000.00,Traded
2026-02-02,10:00:00,RELIANCE,BUY,DELIVERY,NSE,Equity,10,2500.00,25000.00,Traded
